{"801057280531496971": {"dm": "True", "AFK": "True", "reason": "I am afk", "time": 1684087493, "mentions": 0, "guild": []}, "1073902355583619102": {"dm": "True", "AFK": "True", "reason": "<@810029910910304276> <@879660007115849738> <@531510486370615297>  bot op", "time": 1685391997, "mentions": 0, "guild": []}, "1032486526539538442": {"dm": "False", "AFK": "True", "reason": "wale lwde pe", "time": 1685392464, "mentions": 0, "guild": [930392728741761075]}, "944245945124679680": {"dm": "True", "AFK": "True", "reason": "I am afk", "time": 1684089704, "mentions": 1, "guild": []}, "875963330680987678": {"dm": "True", "AFK": "True", "reason": "good night", "time": 1684186547, "mentions": 1, "guild": []}, "453370780387115019": {"dm": "False", "AFK": "True", "reason": "I am afk", "time": 1684379839, "mentions": 0, "guild": []}, "968156477854449754": {"dm": "True", "AFK": "True", "reason": "Manifest dekh ra", "time": 1684599585, "mentions": 0, "guild": []}, "952532653964419163": {"dm": "True", "AFK": "True", "reason": "me thodi der me aya. Ping kardena baat karni hai toh <:a_Hehe:1069179955335929886>", "time": 1684600792, "mentions": 0, "guild": []}, "958918217739403285": {"dm": "True", "AFK": "True", "reason": "sone de bc", "time": 1684600561, "mentions": 2, "guild": []}, "1011928419157684304": {"dm": "True", "AFK": "True", "reason": "I am afk", "time": 1684602747, "mentions": 0, "guild": []}, "865235670825697290": {"dm": "True", "AFK": "True", "reason": "hi", "time": 1684671884, "mentions": 0, "guild": []}, "1086577604947103764": {"dm": "True", "AFK": "True", "reason": "<a:rp_female:1105412684213665854>", "time": 1685082098, "mentions": 1, "guild": []}, "977543204226351105": {"dm": "False", "AFK": "True", "reason": "ping na kr", "time": 1685724280, "mentions": 1, "guild": []}, "531510486370615297": {"dm": "True", "AFK": "True", "reason": "I am afk", "time": 1685430173, "mentions": 0, "guild": []}, "853977336646991922": {"dm": "True", "AFK": "True", "reason": "wait", "time": 1685640932, "mentions": 0, "guild": []}, "1090957904410071120": {"dm": "True", "AFK": "True", "reason": "I am afk", "time": 1685789986, "mentions": 2, "guild": []}, "693535655795359834": {"dm": "True", "AFK": "True", "reason": "lunch ahem", "time": 1685791382, "mentions": 2, "guild": []}, "714864357024071700": {"dm": "True", "AFK": "True", "reason": "I am afk", "time": 1686238914, "mentions": 6, "guild": [1082578132881645608]}, "1089263710322827295": {"dm": "True", "AFK": "True", "reason": "no fap day 1", "time": 1690734797, "mentions": 3, "guild": []}, "912692189467930665": {"dm": "False", "AFK": "True", "reason": "ab mereko rr lgta", "time": 1686852803, "mentions": 0, "guild": []}, "1106520495093985361": {"dm": "True", "AFK": "True", "reason": "I am afk", "time": 1688549785, "mentions": 1, "guild": []}, "1025086672062394421": {"dm": "True", "AFK": "True", "reason": "gn guys", "time": 1686990210, "mentions": 4, "guild": []}, "1069208591283798046": {"dm": "False", "AFK": "True", "reason": "byy ab kal milte net har ra hai mera", "time": 1687006697, "mentions": 0, "guild": []}, "911894386634276905": {"dm": "True", "AFK": "True", "reason": "I am afk", "time": 1689321100, "mentions": 0, "guild": []}, "1107958295286792254": {"dm": "True", "AFK": "True", "reason": "tution", "time": 1687431958, "mentions": 0, "guild": []}, "957519575967232011": {"dm": "True", "AFK": "True", "reason": "I am afk", "time": 1687247210, "mentions": 1, "guild": []}, "774871002315751426": {"dm": "True", "AFK": "True", "reason": "sleeping kal ata 11 :am", "time": 1688234744, "mentions": 2, "guild": []}, "1083615955046912080": {"dm": "True", "AFK": "True", "reason": "semx bot bnane jaa rha", "time": 1688464721, "mentions": 1, "guild": []}, "1096271722572955688": {"dm": "True", "AFK": "True", "reason": "I am afk", "time": 1688131055, "mentions": 0, "guild": []}, "1074618363298467880": {"dm": "False", "AFK": "True", "reason": "hu", "time": 1688456185, "mentions": 3, "guild": []}, "1129636756875137054": {"dm": "True", "AFK": "True", "reason": "I am afk", "time": 1690000237, "mentions": 2, "guild": []}, "1015587064709914644": {"dm": "True", "AFK": "True", "reason": "10$ deal", "time": 1690614670, "mentions": 0, "guild": []}, "981071930226532402": {"dm": "True", "AFK": "True", "reason": "gg", "time": 1690294885, "mentions": 2, "guild": []}, "862284282550419476": {"dm": "True", "AFK": "True", "reason": "bhagooooo", "time": 1690734894, "mentions": 0, "guild": []}, "877426834009096202": {"dm": "True", "AFK": "True", "reason": "gn", "time": 1691426202, "mentions": 1, "guild": []}}