{
    "1100270511780548648": {
        "humanautoroles": [],
        "botautoroles": []
    },
    "737339382012575814": {
        "humanautoroles": [],
        "botautoroles": []
    },
    "1020370471528714338": {
        "humanautoroles": [],
        "botautoroles": []
    },
    "1031166309049843723": {
        "humanautoroles": [],
        "botautoroles": []
    },
    "1077595979068481577": {
        "humanautoroles": [],
        "botautoroles": []
    },
    "1090614458830815232": {
        "humanautoroles": [],
        "botautoroles": []
    },
    "1094544168224837694": {
        "humanautoroles": [],
        "botautoroles": []
    },
    "1096737019356528734": {
        "humanautoroles": [],
        "botautoroles": []
    },
    "1097149072311324722": {
        "humanautoroles": [],
        "botautoroles": []
    },
    "1097627209788817469": {
        "humanautoroles": [],
        "botautoroles": []
    },
    "1097807819589287958": {
        "humanautoroles": [],
        "botautoroles": []
    },
    "1101780420426727434": {
        "humanautoroles": [],
        "botautoroles": []
    },
    "1109011570052300814": {
        "humanautoroles": [],
        "botautoroles": []
    },
    "999984136888528926": {
        "humanautoroles": [
            "1115295535356710982",
            "1115295580093153280"
        ],
        "botautoroles": []
    },
    "1107597502460477490": {
        "humanautoroles": [],
        "botautoroles": []
    },
    "1051863680679157770": {
        "humanautoroles": [],
        "botautoroles": []
    },
    "1096339556741169162": {
        "humanautoroles": [],
        "botautoroles": []
    },
    "981969060554215454": {
        "humanautoroles": [],
        "botautoroles": []
    },
    "974331692984705035": {
        "humanautoroles": [],
        "botautoroles": []
    },
    "1083268432088285235": {
        "humanautoroles": [],
        "botautoroles": []
    },
    "1082578132881645608": {
        "humanautoroles": [],
        "botautoroles": []
    },
    "1113149973580742719": {
        "humanautoroles": [],
        "botautoroles": []
    },
    "1100518234819674303": {
        "humanautoroles": [],
        "botautoroles": []
    },
    "1104468143172235436": {
        "humanautoroles": [],
        "botautoroles": []
    },
    "881174167922278452": {
        "humanautoroles": [],
        "botautoroles": []
    },
    "1034812905331380244": {
        "humanautoroles": [],
        "botautoroles": []
    },
    "1056480393701892137": {
        "humanautoroles": [],
        "botautoroles": []
    },
    "1086290596873900122": {
        "humanautoroles": [],
        "botautoroles": []
    },
    "1042722831861022770": {
        "humanautoroles": [],
        "botautoroles": []
    },
    "1019983204721098795": {
        "humanautoroles": [],
        "botautoroles": []
    },
    "1062765865432531084": {
        "humanautoroles": [],
        "botautoroles": []
    },
    "1110980317453484114": {
        "humanautoroles": [],
        "botautoroles": []
    },
    "1023603628986093678": {
        "humanautoroles": [],
        "botautoroles": []
    },
    "1099886009371590738": {
        "humanautoroles": [],
        "botautoroles": []
    },
    "1028913190005907507": {
        "humanautoroles": [],
        "botautoroles": []
    },
    "1101475173242241104": {
        "humanautoroles": [],
        "botautoroles": []
    },
    "1113163983642439791": {
        "humanautoroles": [],
        "botautoroles": []
    },
    "1108208675610427425": {
        "humanautoroles": [],
        "botautoroles": []
    },
    "1116343400464121866": {
        "humanautoroles": [],
        "botautoroles": []
    },
    "1097415717659345038": {
        "humanautoroles": [],
        "botautoroles": []
    },
    "1109448739443179552": {
        "humanautoroles": [],
        "botautoroles": []
    },
    "1116448751008100395": {
        "humanautoroles": [],
        "botautoroles": []
    },
    "963327513558384640": {
        "humanautoroles": [],
        "botautoroles": []
    },
    "1063463915104776202": {
        "humanautoroles": [],
        "botautoroles": []
    },
    "1116587036237901874": {
        "humanautoroles": [],
        "botautoroles": []
    },
    "1110628631132246116": {
        "humanautoroles": [],
        "botautoroles": []
    },
    "1115904704589865031": {
        "humanautoroles": [],
        "botautoroles": []
    },
    "1050406371285291078": {
        "humanautoroles": [],
        "botautoroles": []
    },
    "869017715896111134": {
        "humanautoroles": [],
        "botautoroles": []
    },
    "1116914286002974801": {
        "humanautoroles": [],
        "botautoroles": []
    },
    "963386750900781106": {
        "humanautoroles": [],
        "botautoroles": []
    },
    "1117587634022260848": {
        "humanautoroles": [],
        "botautoroles": []
    },
    "1089264811419901994": {
        "humanautoroles": [
            "1118054615678722048",
            "1123275046044053565"
        ],
        "botautoroles": []
    },
    "1114155982445088888": {
        "humanautoroles": [],
        "botautoroles": []
    },
    "1097492763941032067": {
        "humanautoroles": [],
        "botautoroles": []
    },
    "1108029039274364988": {
        "humanautoroles": [
            "1119504934874918972"
        ],
        "botautoroles": []
    },
    "1118238964697022537": {
        "humanautoroles": [],
        "botautoroles": []
    },
    "1114859189571944534": {
        "humanautoroles": [],
        "botautoroles": []
    },
    "1111934590299414539": {
        "humanautoroles": [],
        "botautoroles": []
    },
    "1114932690861441154": {
        "humanautoroles": [],
        "botautoroles": []
    },
    "1101471422724972584": {
        "humanautoroles": [],
        "botautoroles": []
    },
    "1109118637211668539": {
        "humanautoroles": [],
        "botautoroles": []
    },
    "1075033730214797402": {
        "humanautoroles": [],
        "botautoroles": []
    },
    "1082694597018398840": {
        "humanautoroles": [],
        "botautoroles": []
    },
    "1117025831194202153": {
        "humanautoroles": [],
        "botautoroles": []
    },
    "1093709637703962634": {
        "humanautoroles": [],
        "botautoroles": []
    },
    "993867160873095208": {
        "humanautoroles": [],
        "botautoroles": []
    },
    "1045009818181705849": {
        "humanautoroles": [],
        "botautoroles": []
    },
    "1013029443607990352": {
        "humanautoroles": [],
        "botautoroles": []
    },
    "976425632961548308": {
        "humanautoroles": [],
        "botautoroles": []
    },
    "939923505070342174": {
        "humanautoroles": [],
        "botautoroles": []
    },
    "1095000198314475604": {
        "humanautoroles": [],
        "botautoroles": []
    },
    "333949691962195969": {
        "humanautoroles": [],
        "botautoroles": []
    },
    "1050949626863300608": {
        "humanautoroles": [],
        "botautoroles": []
    },
    "1063512436868657252": {
        "humanautoroles": [],
        "botautoroles": []
    },
    "1098373802037084161": {
        "humanautoroles": [],
        "botautoroles": []
    },
    "1075293543331008634": {
        "humanautoroles": [],
        "botautoroles": []
    },
    "1079963339737813022": {
        "humanautoroles": [],
        "botautoroles": []
    },
    "1079963340035592282": {
        "humanautoroles": [],
        "botautoroles": []
    },
    "1079963339775541311": {
        "humanautoroles": [],
        "botautoroles": []
    },
    "1119369135416160257": {
        "humanautoroles": [],
        "botautoroles": []
    },
    "303095411655311370": {
        "humanautoroles": [],
        "botautoroles": []
    },
    "1105873838903926844": {
        "humanautoroles": [],
        "botautoroles": []
    },
    "1106126520629592124": {
        "humanautoroles": [],
        "botautoroles": []
    },
    "877276106745593926": {
        "humanautoroles": [],
        "botautoroles": []
    },
    "877837063532191775": {
        "humanautoroles": [],
        "botautoroles": []
    },
    "1102158823705301012": {
        "humanautoroles": [],
        "botautoroles": []
    },
    "1091308493862080532": {
        "humanautoroles": [],
        "botautoroles": []
    },
    "963384250235764756": {
        "humanautoroles": [],
        "botautoroles": []
    },
    "1096807192620978196": {
        "humanautoroles": [],
        "botautoroles": []
    },
    "1093986355580768269": {
        "humanautoroles": [],
        "botautoroles": []
    },
    "786889267409453057": {
        "humanautoroles": [],
        "botautoroles": []
    },
    "1039849748036857866": {
        "humanautoroles": [],
        "botautoroles": []
    },
    "1059738604907266058": {
        "humanautoroles": [],
        "botautoroles": []
    },
    "846883824885563442": {
        "humanautoroles": [],
        "botautoroles": []
    },
    "1059738481993187428": {
        "humanautoroles": [],
        "botautoroles": []
    },
    "999915670349299752": {
        "humanautoroles": [],
        "botautoroles": []
    },
    "1031028540331802724": {
        "humanautoroles": [],
        "botautoroles": []
    },
    "903713535782170634": {
        "humanautoroles": [],
        "botautoroles": []
    },
    "949977417177505792": {
        "humanautoroles": [],
        "botautoroles": []
    },
    "1059671410471092264": {
        "humanautoroles": [],
        "botautoroles": []
    },
    "1059713157582565416": {
        "humanautoroles": [],
        "botautoroles": []
    },
    "1026134127512129676": {
        "humanautoroles": [],
        "botautoroles": []
    },
    "1050036720298639410": {
        "humanautoroles": [],
        "botautoroles": []
    },
    "1059713068168392754": {
        "humanautoroles": [],
        "botautoroles": []
    },
    "1120243450290372678": {
        "humanautoroles": [
            "1120277994527801344"
        ],
        "botautoroles": []
    },
    "1039851870480511058": {
        "humanautoroles": [],
        "botautoroles": []
    },
    "1039932485506699364": {
        "humanautoroles": [],
        "botautoroles": []
    },
    "1039896503549968428": {
        "humanautoroles": [],
        "botautoroles": []
    },
    "1051560070183391285": {
        "humanautoroles": [],
        "botautoroles": []
    },
    "1087846699684347986": {
        "humanautoroles": [],
        "botautoroles": []
    },
    "1009423044063789057": {
        "humanautoroles": [],
        "botautoroles": []
    },
    "1067141640759812198": {
        "humanautoroles": [],
        "botautoroles": []
    },
    "1112767189854990348": {
        "humanautoroles": [],
        "botautoroles": []
    },
    "1106224980380893254": {
        "humanautoroles": [],
        "botautoroles": []
    },
    "1112339845344395375": {
        "humanautoroles": [],
        "botautoroles": []
    },
    "1086556813945733201": {
        "humanautoroles": [],
        "botautoroles": []
    },
    "984397451844808725": {
        "humanautoroles": [],
        "botautoroles": []
    },
    "1119263839184240770": {
        "humanautoroles": [],
        "botautoroles": []
    },
    "1095563341700792332": {
        "humanautoroles": [],
        "botautoroles": []
    },
    "1097068751289069630": {
        "humanautoroles": [],
        "botautoroles": []
    },
    "1111973276470759454": {
        "humanautoroles": [],
        "botautoroles": []
    },
    "1059738606249463859": {
        "humanautoroles": [],
        "botautoroles": []
    },
    "1059705014035169280": {
        "humanautoroles": [],
        "botautoroles": []
    },
    "937366656181739570": {
        "humanautoroles": [],
        "botautoroles": []
    },
    "1121351778903007234": {
        "humanautoroles": [],
        "botautoroles": []
    },
    "1119867094574571591": {
        "humanautoroles": [
            "1119881514428141598"
        ],
        "botautoroles": []
    },
    "1096110471100252181": {
        "humanautoroles": [],
        "botautoroles": []
    },
    "1120589155232133242": {
        "humanautoroles": [],
        "botautoroles": []
    },
    "1120635906496417863": {
        "humanautoroles": [],
        "botautoroles": []
    },
    "1104650434003599390": {
        "humanautoroles": [],
        "botautoroles": []
    },
    "1121649751297904720": {
        "humanautoroles": [],
        "botautoroles": []
    },
    "1121021422467301456": {
        "humanautoroles": [],
        "botautoroles": []
    },
    "1005882198580281445": {
        "humanautoroles": [],
        "botautoroles": []
    },
    "1013857318032650300": {
        "humanautoroles": [],
        "botautoroles": []
    },
    "1101523239202725969": {
        "humanautoroles": [],
        "botautoroles": []
    },
    "967243130623639565": {
        "humanautoroles": [],
        "botautoroles": []
    },
    "1112043274555904082": {
        "humanautoroles": [],
        "botautoroles": []
    },
    "1109097757567885362": {
        "humanautoroles": [],
        "botautoroles": []
    },
    "1100999194573025300": {
        "humanautoroles": [],
        "botautoroles": []
    },
    "1116665202029633546": {
        "humanautoroles": [],
        "botautoroles": []
    },
    "1122544400883515454": {
        "humanautoroles": [],
        "botautoroles": []
    },
    "1123284815450493050": {
        "humanautoroles": [],
        "botautoroles": []
    },
    "1067845408082116668": {
        "humanautoroles": [],
        "botautoroles": []
    },
    "1123852398444695683": {
        "humanautoroles": [],
        "botautoroles": []
    },
    "987235625184952320": {
        "humanautoroles": [],
        "botautoroles": []
    },
    "1107640507498254357": {
        "humanautoroles": [],
        "botautoroles": []
    },
    "1103688538492506194": {
        "humanautoroles": [],
        "botautoroles": []
    },
    "1115349498177269771": {
        "humanautoroles": [],
        "botautoroles": []
    },
    "1120203152680038452": {
        "humanautoroles": [],
        "botautoroles": []
    },
    "915639081554305085": {
        "humanautoroles": [],
        "botautoroles": []
    },
    "1113928498730500176": {
        "humanautoroles": [],
        "botautoroles": []
    },
    "1059565369871826944": {
        "humanautoroles": [],
        "botautoroles": []
    },
    "1124226470550708344": {
        "humanautoroles": [],
        "botautoroles": []
    },
    "1068877315796373524": {
        "humanautoroles": [],
        "botautoroles": []
    },
    "1125844414212874240": {
        "humanautoroles": [],
        "botautoroles": []
    },
    "1045261820170096721": {
        "humanautoroles": [],
        "botautoroles": []
    },
    "1101075855217795072": {
        "humanautoroles": [],
        "botautoroles": []
    },
    "1126537442363723908": {
        "humanautoroles": [],
        "botautoroles": []
    },
    "1118746332174225459": {
        "humanautoroles": [],
        "botautoroles": []
    },
    "1127499052641157170": {
        "humanautoroles": [],
        "botautoroles": []
    },
    "728156559842213909": {
        "humanautoroles": [],
        "botautoroles": []
    },
    "827546608999727162": {
        "humanautoroles": [],
        "botautoroles": []
    },
    "992790133399101490": {
        "humanautoroles": [],
        "botautoroles": []
    },
    "1051446562171138108": {
        "humanautoroles": [],
        "botautoroles": []
    },
    "1127166489615667281": {
        "humanautoroles": [],
        "botautoroles": []
    },
    "1127114640158117920": {
        "humanautoroles": [],
        "botautoroles": []
    },
    "793029744769368084": {
        "humanautoroles": [],
        "botautoroles": []
    },
    "983132734820081694": {
        "humanautoroles": [],
        "botautoroles": []
    },
    "1119523447232532500": {
        "humanautoroles": [],
        "botautoroles": []
    },
    "1124428204145381417": {
        "humanautoroles": [],
        "botautoroles": []
    },
    "1087105762003783791": {
        "humanautoroles": [],
        "botautoroles": []
    },
    "1126518553928007690": {
        "humanautoroles": [],
        "botautoroles": []
    },
    "996905109898403960": {
        "humanautoroles": [],
        "botautoroles": []
    },
    "1068961437092941835": {
        "humanautoroles": [],
        "botautoroles": []
    },
    "963087482071711745": {
        "humanautoroles": [],
        "botautoroles": []
    },
    "1130008449355362326": {
        "humanautoroles": [],
        "botautoroles": []
    },
    "1130008389288734759": {
        "humanautoroles": [],
        "botautoroles": []
    },
    "1130008614036320406": {
        "humanautoroles": [],
        "botautoroles": []
    },
    "1130008530745835610": {
        "humanautoroles": [],
        "botautoroles": []
    },
    "1130009946168250378": {
        "humanautoroles": [],
        "botautoroles": []
    },
    "1130009816983687178": {
        "humanautoroles": [],
        "botautoroles": []
    },
    "1130010092390060143": {
        "humanautoroles": [],
        "botautoroles": []
    },
    "1130009873875206196": {
        "humanautoroles": [],
        "botautoroles": []
    },
    "1127982260033949757": {
        "humanautoroles": [],
        "botautoroles": []
    },
    "1123652464831365181": {
        "humanautoroles": [],
        "botautoroles": []
    },
    "783335167636275210": {
        "humanautoroles": [],
        "botautoroles": []
    },
    "853274104067784745": {
        "humanautoroles": [],
        "botautoroles": []
    },
    "1129775447492796538": {
        "humanautoroles": [],
        "botautoroles": []
    },
    "1048078449945870386": {
        "humanautoroles": [],
        "botautoroles": []
    },
    "1117100101526102027": {
        "humanautoroles": [],
        "botautoroles": []
    },
    "1127499964008902689": {
        "humanautoroles": [],
        "botautoroles": []
    },
    "1129777490546671739": {
        "humanautoroles": [],
        "botautoroles": []
    },
    "1131249235770212553": {
        "humanautoroles": [],
        "botautoroles": []
    },
    "1131674656806535312": {
        "humanautoroles": [],
        "botautoroles": []
    },
    "1075478176165273600": {
        "humanautoroles": [],
        "botautoroles": []
    },
    "874049591216046122": {
        "humanautoroles": [],
        "botautoroles": []
    },
    "1130111797320491018": {
        "humanautoroles": [],
        "botautoroles": []
    },
    "1103591679103082567": {
        "humanautoroles": [],
        "botautoroles": []
    },
    "1127579199910199377": {
        "humanautoroles": [],
        "botautoroles": []
    },
    "1128359239144968313": {
        "humanautoroles": [],
        "botautoroles": []
    },
    "1134140117087441086": {
        "humanautoroles": [],
        "botautoroles": []
    },
    "582435622246154260": {
        "humanautoroles": [],
        "botautoroles": []
    },
    "1131324756298301440": {
        "humanautoroles": [],
        "botautoroles": []
    },
    "1117692073974439936": {
        "humanautoroles": [],
        "botautoroles": []
    },
    "1118382830284701789": {
        "humanautoroles": [],
        "botautoroles": []
    },
    "1125046317870227537": {
        "humanautoroles": [],
        "botautoroles": []
    },
    "1136698944630562898": {
        "humanautoroles": [],
        "botautoroles": []
    },
    "1134558980300083342": {
        "humanautoroles": [],
        "botautoroles": []
    },
    "1137758438856871936": {
        "humanautoroles": [],
        "botautoroles": []
    },
    "1111316312694739125": {
        "humanautoroles": [],
        "botautoroles": []
    },
    "1137583020199657592": {
        "humanautoroles": [],
        "botautoroles": []
    },
    "1138418369087934556": {
        "humanautoroles": [],
        "botautoroles": []
    },
    "1138517713736699934": {
        "humanautoroles": [],
        "botautoroles": []
    },
    "1124568373364273163": {
        "humanautoroles": [],
        "botautoroles": []
    },
    "1138818346134024254": {
        "humanautoroles": [],
        "botautoroles": []
    },
    "1098865280672870420": {
        "humanautoroles": [],
        "botautoroles": []
    },
    "1118567893890764830": {
        "humanautoroles": [],
        "botautoroles": []
    },
    "1115016786518220860": {
        "humanautoroles": [],
        "botautoroles": []
    },
    "1127821015091777567": {
        "humanautoroles": [],
        "botautoroles": []
    },
    "1089105945667326052": {
        "humanautoroles": [],
        "botautoroles": []
    },
    "964759122299994173": {
        "humanautoroles": [],
        "botautoroles": []
    },
    "961383743086530621": {
        "humanautoroles": [],
        "botautoroles": []
    },
    "1123536736643981372": {
        "humanautoroles": [],
        "botautoroles": []
    },
    "1134101550571200533": {
        "humanautoroles": [],
        "botautoroles": []
    },
    "1103995360860446730": {
        "humanautoroles": [],
        "botautoroles": []
    },
    "1128930653132554241": {
        "humanautoroles": [],
        "botautoroles": []
    },
    "1134901013048987830": {
        "humanautoroles": [],
        "botautoroles": []
    },
    "1126425515033636924": {
        "humanautoroles": [],
        "botautoroles": []
    },
    "1096005395153162290": {
        "humanautoroles": [],
        "botautoroles": []
    },
    "1103508977582612583": {
        "humanautoroles": [],
        "botautoroles": []
    },
    "1097092094415339660": {
        "humanautoroles": [],
        "botautoroles": []
    },
    "1116962147302375444": {
        "humanautoroles": [],
        "botautoroles": []
    },
    "1127982736704032788": {
        "humanautoroles": [],
        "botautoroles": []
    },
    "1092329346011758592": {
        "humanautoroles": [],
        "botautoroles": []
    },
    "918074824792887326": {
        "humanautoroles": [],
        "botautoroles": []
    },
    "1124379502626226196": {
        "humanautoroles": [],
        "botautoroles": []
    },
    "1125007029107437658": {
        "humanautoroles": [],
        "botautoroles": []
    },
    "1099166454898753557": {
        "humanautoroles": [],
        "botautoroles": []
    },
    "1132201880949362800": {
        "humanautoroles": [],
        "botautoroles": []
    },
    "1129330605889421346": {
        "humanautoroles": [],
        "botautoroles": []
    },
    "1111312240667263069": {
        "humanautoroles": [],
        "botautoroles": []
    },
    "1127847498283749376": {
        "humanautoroles": [],
        "botautoroles": []
    },
    "1137311715185393734": {
        "humanautoroles": [],
        "botautoroles": []
    },
    "1114247078571413604": {
        "humanautoroles": [],
        "botautoroles": []
    },
    "1059870412500107485": {
        "humanautoroles": [],
        "botautoroles": []
    },
    "1116642207928172604": {
        "humanautoroles": [],
        "botautoroles": []
    },
    "1105845263152709752": {
        "humanautoroles": [],
        "botautoroles": []
    },
    "1103192156258193420": {
        "humanautoroles": [],
        "botautoroles": []
    },
    "1090480180369297408": {
        "humanautoroles": [],
        "botautoroles": []
    },
    "1116347849865711656": {
        "humanautoroles": [],
        "botautoroles": []
    },
    "1129349622331093072": {
        "humanautoroles": [],
        "botautoroles": []
    },
    "1129484017054519327": {
        "humanautoroles": [],
        "botautoroles": []
    },
    "1097130953488486430": {
        "humanautoroles": [],
        "botautoroles": []
    },
    "1132917610724458508": {
        "humanautoroles": [],
        "botautoroles": []
    },
    "1176174618235654244": {
        "humanautoroles": [],
        "botautoroles": []
    },
    "1098268290276671549": {
        "humanautoroles": [],
        "botautoroles": []
    },
    "1176175205702443129": {
        "humanautoroles": [],
        "botautoroles": []
    },
    "1176174523368873984": {
        "humanautoroles": [],
        "botautoroles": []
    },
    "1176165833655996517": {
        "humanautoroles": [],
        "botautoroles": []
    },
    "1176167180182753320": {
        "humanautoroles": [],
        "botautoroles": []
    },
    "1176168100631150673": {
        "humanautoroles": [],
        "botautoroles": []
    },
    "1176170891227435139": {
        "humanautoroles": [],
        "botautoroles": []
    },
    "1176174731314090065": {
        "humanautoroles": [],
        "botautoroles": []
    },
    "1176172060427427910": {
        "humanautoroles": [],
        "botautoroles": []
    },
    "1176173609216122900": {
        "humanautoroles": [],
        "botautoroles": []
    },
    "1176174372558479510": {
        "humanautoroles": [],
        "botautoroles": []
    },
    "1176167024125300816": {
        "humanautoroles": [],
        "botautoroles": []
    },
    "1177244530299379714": {
        "humanautoroles": [],
        "botautoroles": []
    },
    "1176175009597767700": {
        "humanautoroles": [],
        "botautoroles": []
    },
    "1176174914592587827": {
        "humanautoroles": [],
        "botautoroles": []
    },
    "1176166572822364261": {
        "humanautoroles": [],
        "botautoroles": []
    },
    "1176167826822791271": {
        "humanautoroles": [],
        "botautoroles": []
    },
    "1176166383315333151": {
        "humanautoroles": [],
        "botautoroles": []
    },
    "1176168592425877515": {
        "humanautoroles": [],
        "botautoroles": []
    },
    "1176171665605013625": {
        "humanautoroles": [],
        "botautoroles": []
    },
    "1176173675846832178": {
        "humanautoroles": [],
        "botautoroles": []
    },
    "1176173750958424146": {
        "humanautoroles": [],
        "botautoroles": []
    },
    "1162708882557259857": {
        "humanautoroles": [],
        "botautoroles": []
    },
    "1176174246494486619": {
        "humanautoroles": [],
        "botautoroles": []
    },
    "1176174187073781801": {
        "humanautoroles": [],
        "botautoroles": []
    },
    "1176175305635938324": {
        "humanautoroles": [],
        "botautoroles": []
    },
    "1176168327534616677": {
        "humanautoroles": [],
        "botautoroles": []
    },
    "1176168714798903386": {
        "humanautoroles": [],
        "botautoroles": []
    },
    "1176176199794429963": {
        "humanautoroles": [],
        "botautoroles": []
    },
    "1176174772476969050": {
        "humanautoroles": [],
        "botautoroles": []
    },
    "1176171556947370054": {
        "humanautoroles": [],
        "botautoroles": []
    },
    "1176171429998375022": {
        "humanautoroles": [],
        "botautoroles": []
    },
    "1176176606885199912": {
        "humanautoroles": [],
        "botautoroles": []
    },
    "1175435356959674378": {
        "humanautoroles": [],
        "botautoroles": []
    },
    "1176167506663182398": {
        "humanautoroles": [],
        "botautoroles": []
    },
    "1176167725953982614": {
        "humanautoroles": [],
        "botautoroles": []
    },
    "1176175420056539226": {
        "humanautoroles": [],
        "botautoroles": []
    },
    "1176174290153001160": {
        "humanautoroles": [],
        "botautoroles": []
    },
    "1176175500339724288": {
        "humanautoroles": [],
        "botautoroles": []
    },
    "1176173852087291914": {
        "humanautoroles": [],
        "botautoroles": []
    },
    "1176173963781619774": {
        "humanautoroles": [],
        "botautoroles": []
    },
    "1176178714921402460": {
        "humanautoroles": [],
        "botautoroles": []
    },
    "1176168010646569000": {
        "humanautoroles": [],
        "botautoroles": []
    },
    "1211626545433542727": {
        "humanautoroles": [],
        "botautoroles": []
    },
    "1176168220894441483": {
        "humanautoroles": [],
        "botautoroles": []
    },
    "1129637069120077834": {
        "humanautoroles": [],
        "botautoroles": []
    },
    "1176174076826501180": {
        "humanautoroles": [],
        "botautoroles": []
    },
    "1176182740480184431": {
        "humanautoroles": [],
        "botautoroles": []
    },
    "1176174428636315708": {
        "humanautoroles": [],
        "botautoroles": []
    },
    "1176174538577428560": {
        "humanautoroles": [],
        "botautoroles": []
    },
    "1176174946813218956": {
        "humanautoroles": [],
        "botautoroles": []
    },
    "1176173030750294036": {
        "humanautoroles": [],
        "botautoroles": []
    },
    "1176174478066188308": {
        "humanautoroles": [],
        "botautoroles": []
    },
    "1176166298011578369": {
        "humanautoroles": [],
        "botautoroles": []
    },
    "1176174904241041538": {
        "humanautoroles": [],
        "botautoroles": []
    },
    "1176166691852517396": {
        "humanautoroles": [],
        "botautoroles": []
    },
    "1176166493893955636": {
        "humanautoroles": [],
        "botautoroles": []
    },
    "1176170773644320879": {
        "humanautoroles": [],
        "botautoroles": []
    },
    "1129687961173245972": {
        "humanautoroles": [],
        "botautoroles": []
    },
    "1176167302195052644": {
        "humanautoroles": [],
        "botautoroles": []
    },
    "1177245139836604436": {
        "humanautoroles": [],
        "botautoroles": []
    },
    "1176171246254297088": {
        "humanautoroles": [],
        "botautoroles": []
    },
    "1176173556019777627": {
        "humanautoroles": [],
        "botautoroles": []
    },
    "1176174859085168725": {
        "humanautoroles": [],
        "botautoroles": []
    },
    "1176173849105141811": {
        "humanautoroles": [],
        "botautoroles": []
    },
    "1176177499676364900": {
        "humanautoroles": [],
        "botautoroles": []
    },
    "1176173393704407120": {
        "humanautoroles": [],
        "botautoroles": []
    },
    "1176167915888840824": {
        "humanautoroles": [],
        "botautoroles": []
    },
    "1176175106599432262": {
        "humanautoroles": [],
        "botautoroles": []
    },
    "1176174576149987328": {
        "humanautoroles": [],
        "botautoroles": []
    },
    "1176173291329814638": {
        "humanautoroles": [],
        "botautoroles": []
    },
    "1176168918939881482": {
        "humanautoroles": [],
        "botautoroles": []
    },
    "1176173502743707770": {
        "humanautoroles": [],
        "botautoroles": []
    },
    "1176173523883003925": {
        "humanautoroles": [],
        "botautoroles": []
    },
    "1176168444492796036": {
        "humanautoroles": [],
        "botautoroles": []
    },
    "1176177418088751137": {
        "humanautoroles": [],
        "botautoroles": []
    },
    "1176174330024054896": {
        "humanautoroles": [],
        "botautoroles": []
    },
    "1181220057607569498": {
        "humanautoroles": [],
        "botautoroles": []
    },
    "1208143332128198707": {
        "humanautoroles": [],
        "botautoroles": []
    },
    "1195082482408751256": {
        "humanautoroles": [],
        "botautoroles": []
    },
    "1199317760610676806": {
        "humanautoroles": [],
        "botautoroles": []
    },
    "1196907161188585624": {
        "humanautoroles": [],
        "botautoroles": []
    },
    "1189428268990996570": {
        "humanautoroles": [],
        "botautoroles": []
    },
    "1192887092758446090": {
        "humanautoroles": [],
        "botautoroles": []
    },
    "1185935863062990919": {
        "humanautoroles": [],
        "botautoroles": []
    },
    "1191700876264476723": {
        "humanautoroles": [
            "1214251094037762170"
        ],
        "botautoroles": []
    },
    "1133314994881179760": {
        "humanautoroles": [],
        "botautoroles": []
    },
    "1205408835263791134": {
        "humanautoroles": [],
        "botautoroles": []
    },
    "1189798885481263154": {
        "humanautoroles": [],
        "botautoroles": []
    },
    "1148257376051413142": {
        "humanautoroles": [],
        "botautoroles": []
    },
    "1049603494803415070": {
        "humanautoroles": [],
        "botautoroles": []
    },
    "1121033752328536174": {
        "humanautoroles": [],
        "botautoroles": []
    },
    "1164543997277110282": {
        "humanautoroles": [],
        "botautoroles": []
    },
    "1185945320748752997": {
        "humanautoroles": [],
        "botautoroles": []
    },
    "1203258821661954099": {
        "humanautoroles": [],
        "botautoroles": []
    },
    "1092764717933678622": {
        "humanautoroles": [],
        "botautoroles": []
    },
    "1191263830429409350": {
        "humanautoroles": [],
        "botautoroles": []
    },
    "1209844210795159552": {
        "humanautoroles": [],
        "botautoroles": []
    },
    "1157342783636508754": {
        "humanautoroles": [],
        "botautoroles": []
    },
    "1048639857586614453": {
        "humanautoroles": [],
        "botautoroles": []
    },
    "1202663258847182910": {
        "humanautoroles": [],
        "botautoroles": []
    },
    "1155055450522402886": {
        "humanautoroles": [],
        "botautoroles": []
    },
    "1183256974939410502": {
        "humanautoroles": [],
        "botautoroles": []
    },
    "1176834059129860146": {
        "humanautoroles": [],
        "botautoroles": []
    },
    "1042776383803375667": {
        "humanautoroles": [],
        "botautoroles": []
    },
    "1107901317877338174": {
        "humanautoroles": [],
        "botautoroles": []
    },
    "1192314247393333318": {
        "humanautoroles": [],
        "botautoroles": []
    },
    "1144872832506011668": {
        "humanautoroles": [],
        "botautoroles": []
    },
    "1153159223950180422": {
        "humanautoroles": [],
        "botautoroles": []
    },
    "1089794937463259136": {
        "humanautoroles": [],
        "botautoroles": []
    },
    "1200457901131714590": {
        "humanautoroles": [],
        "botautoroles": []
    },
    "810820199154450444": {
        "humanautoroles": [],
        "botautoroles": []
    },
    "1192314194582839397": {
        "humanautoroles": [],
        "botautoroles": []
    },
    "1184878665805348884": {
        "humanautoroles": [],
        "botautoroles": []
    },
    "1179700521062379520": {
        "humanautoroles": [],
        "botautoroles": []
    },
    "1063451868807839867": {
        "humanautoroles": [],
        "botautoroles": []
    },
    "1160916083264471110": {
        "humanautoroles": [],
        "botautoroles": []
    },
    "1191317007665213460": {
        "humanautoroles": [],
        "botautoroles": []
    },
    "1173251961349492736": {
        "humanautoroles": [],
        "botautoroles": []
    },
    "1157908814423662683": {
        "humanautoroles": [],
        "botautoroles": []
    },
    "1177906932502237296": {
        "humanautoroles": [],
        "botautoroles": []
    },
    "1038802928351326229": {
        "humanautoroles": [],
        "botautoroles": []
    },
    "1071807677145030857": {
        "humanautoroles": [],
        "botautoroles": []
    },
    "1132199313066446948": {
        "humanautoroles": [],
        "botautoroles": []
    },
    "1173941105637720144": {
        "humanautoroles": [],
        "botautoroles": []
    },
    "1172020974921728000": {
        "humanautoroles": [],
        "botautoroles": []
    },
    "1182302933690368060": {
        "humanautoroles": [],
        "botautoroles": []
    },
    "1173186129818824784": {
        "humanautoroles": [],
        "botautoroles": []
    },
    "1080557560467296417": {
        "humanautoroles": [],
        "botautoroles": []
    },
    "1143143893907537930": {
        "humanautoroles": [],
        "botautoroles": []
    },
    "1182346330270613594": {
        "humanautoroles": [],
        "botautoroles": []
    },
    "1214691545756999721": {
        "humanautoroles": [],
        "botautoroles": []
    },
    "1213374535869538364": {
        "humanautoroles": [],
        "botautoroles": []
    },
    "1213403219531927582": {
        "humanautoroles": [],
        "botautoroles": []
    },
    "1212701214198861835": {
        "humanautoroles": [],
        "botautoroles": []
    }
}