{
    "945826539222745168": {
        "bots": [],
        "humans": []
    },
    "949977417177505792": {
        "bots": [],
        "humans": []
    },
    "1076233132149325985": {
        "bots": [],
        "humans": []
    },
    "1036324391522414612": {
        "bots": [],
        "humans": []
    },
    "877276106745593926": {
        "bots": [],
        "humans": []
    },
    "997122624385720370": {
        "bots": [],
        "humans": []
    },
    "1059671596681404436": {
        "bots": [],
        "humans": []
    },
    "1048609877657919518": {
        "bots": [],
        "humans": []
    },
    "1039896503549968428": {
        "bots": [],
        "humans": []
    },
    "1084181888664604702": {
        "bots": [],
        "humans": [
            "1094531598466158682"
        ]
    },
    "1059713157582565416": {
        "bots": [],
        "humans": []
    },
    "1096824514266009680": {
        "bots": [],
        "humans": []
    },
    "1036324344630091818": {
        "bots": [],
        "humans": []
    },
    "1059738606249463859": {
        "bots": [],
        "humans": []
    },
    "1098618573305421836": {
        "bots": [],
        "humans": []
    },
    "909112898956177478": {
        "bots": [
            "1088829255372247041"
        ],
        "humans": [
            "1088829255372247041"
        ]
    },
    "1059713141564514374": {
        "bots": [],
        "humans": []
    },
    "1031028540331802724": {
        "bots": [],
        "humans": []
    },
    "1096759763901108326": {
        "bots": [],
        "humans": []
    },
    "1004715758942683246": {
        "bots": [],
        "humans": []
    },
    "1059704838407073863": {
        "bots": [],
        "humans": []
    },
    "1059705014035169280": {
        "bots": [],
        "humans": []
    },
    "1078374846523781253": {
        "bots": [],
        "humans": []
    },
    "1059738481993187428": {
        "bots": [],
        "humans": []
    },
    "1059744790603890688": {
        "bots": [],
        "humans": []
    },
    "1059745207026982922": {
        "bots": [],
        "humans": []
    },
    "1039851870480511058": {
        "bots": [],
        "humans": []
    },
    "1039851269084434483": {
        "bots": [],
        "humans": []
    },
    "999915670349299752": {
        "bots": [],
        "humans": []
    },
    "1026134127512129676": {
        "bots": [],
        "humans": []
    },
    "1059738604907266058": {
        "bots": [],
        "humans": []
    },
    "1084480309065699368": {
        "bots": [],
        "humans": []
    },
    "1083555619304394783": {
        "bots": [],
        "humans": []
    },
    "1009423044063789057": {
        "bots": [],
        "humans": []
    },
    "1093575002265243740": {
        "bots": [],
        "humans": []
    },
    "1090715925247963149": {
        "bots": [],
        "humans": [
            "1097000420204884008"
        ]
    },
    "1013857318032650300": {
        "bots": [],
        "humans": []
    },
    "1067760055853785098": {
        "bots": [],
        "humans": []
    },
    "1048854754798874734": {
        "bots": [],
        "humans": []
    },
    "1059565369871826944": {
        "bots": [],
        "humans": []
    },
    "1004357491246764142": {
        "bots": [],
        "humans": []
    },
    "1059565159598784643": {
        "bots": [],
        "humans": []
    },
    "1039932485506699364": {
        "bots": [],
        "humans": []
    },
    "1039849748036857866": {
        "bots": [],
        "humans": []
    },
    "1052216049904406568": {
        "bots": [],
        "humans": []
    },
    "1085140243340087307": {
        "bots": [],
        "humans": []
    },
    "918306711759126588": {
        "bots": [],
        "humans": []
    },
    "1087642498576424974": {
        "bots": [],
        "humans": []
    },
    "1059671217394688040": {
        "bots": [],
        "humans": []
    },
    "1022560606928240762": {
        "bots": [],
        "humans": []
    },
    "1059671410471092264": {
        "bots": [],
        "humans": []
    },
    "1005882198580281445": {
        "bots": [],
        "humans": []
    },
    "1050036720298639410": {
        "bots": [],
        "humans": []
    },
    "877837063532191775": {
        "bots": [],
        "humans": []
    },
    "972808867182424085": {
        "bots": [],
        "humans": []
    },
    "1083553721381814272": {
        "bots": [],
        "humans": []
    },
    "997868329094103100": {
        "bots": [],
        "humans": []
    },
    "1059564800742531132": {
        "bots": [],
        "humans": []
    },
    "871816665128636417": {
        "bots": [],
        "humans": []
    },
    "1059713051554742322": {
        "bots": [],
        "humans": []
    },
    "846883824885563442": {
        "bots": [],
        "humans": []
    },
    "1059565518559920169": {
        "bots": [],
        "humans": []
    },
    "1036324471704924262": {
        "bots": [],
        "humans": []
    },
    "1059713068168392754": {
        "bots": [],
        "humans": []
    },
    "908299536399757322": {
        "bots": [],
        "humans": []
    },
    "1010531336240500806": {
        "bots": [],
        "humans": []
    },
    "986982756699504651": {
        "bots": [],
        "humans": []
    },
    "975876203544195093": {
        "bots": [],
        "humans": []
    },
    "1003327394305806396": {
        "bots": [],
        "humans": []
    },
    "991310342405754890": {
        "bots": [],
        "humans": []
    },
    "1005511863733334137": {
        "bots": [],
        "humans": []
    },
    "1030735959924416552": {
        "bots": [],
        "humans": []
    },
    "990767667520606238": {
        "bots": [],
        "humans": []
    },
    "1023638782433575074": {
        "bots": [],
        "humans": []
    },
    "1017082636809805854": {
        "bots": [],
        "humans": []
    },
    "1058444835851350026": {
        "bots": [],
        "humans": []
    },
    "1058442740762943488": {
        "bots": [],
        "humans": []
    },
    "1058442684890632323": {
        "bots": [],
        "humans": []
    },
    "1058444811306274927": {
        "bots": [],
        "humans": []
    },
    "1058442768948670484": {
        "bots": [],
        "humans": []
    },
    "1058442815509639208": {
        "bots": [],
        "humans": []
    },
    "1058442791077822587": {
        "bots": [],
        "humans": []
    },
    "1065683676014317691": {
        "bots": [],
        "humans": []
    },
    "1095648608109461596": {
        "bots": [],
        "humans": []
    },
    "333949691962195969": {
        "bots": [],
        "humans": []
    },
    "1021919716152975450": {
        "bots": [],
        "humans": []
    },
    "1077505288531345488": {
        "bots": [],
        "humans": []
    },
    "1099962263319892008": {
        "bots": [],
        "humans": []
    },
    "1100390848358797462": {
        "bots": [],
        "humans": []
    },
    "1094600284761768049": {
        "bots": [],
        "humans": []
    },
    "886279301996109914": {
        "bots": [],
        "humans": []
    },
    "780054595928981514": {
        "bots": [],
        "humans": []
    },
    "853274104067784745": {
        "bots": [],
        "humans": []
    },
    "1013907650158796812": {
        "bots": [],
        "humans": []
    },
    "892311236878934016": {
        "bots": [],
        "humans": []
    },
    "922825626912690176": {
        "bots": [],
        "humans": []
    },
    "1067845408082116668": {
        "bots": [],
        "humans": []
    },
    "1087986827476095038": {
        "bots": [],
        "humans": []
    },
    "1008362353705881671": {
        "bots": [],
        "humans": []
    },
    "1034016091464269834": {
        "bots": [],
        "humans": []
    },
    "978892609235861514": {
        "bots": [],
        "humans": []
    },
    "1056495870570405908": {
        "bots": [],
        "humans": []
    },
    "920970253784219679": {
        "bots": [],
        "humans": []
    },
    "703967135961055314": {
        "bots": [],
        "humans": []
    },
    "1054084265702346813": {
        "bots": [],
        "humans": []
    },
    "1022508180644843620": {
        "bots": [],
        "humans": []
    },
    "1048460030137086002": {
        "bots": [],
        "humans": []
    },
    "1058448136634388560": {
        "bots": [],
        "humans": []
    },
    "1078405930523308032": {
        "bots": [],
        "humans": []
    },
    "1058446182977912843": {
        "bots": [],
        "humans": []
    },
    "840274281626599444": {
        "bots": [],
        "humans": []
    },
    "1047229765519679568": {
        "bots": [],
        "humans": []
    },
    "944496398429208587": {
        "bots": [],
        "humans": []
    },
    "981440310771089438": {
        "bots": [],
        "humans": []
    },
    "977598888280195152": {
        "bots": [],
        "humans": []
    },
    "1058446157895974953": {
        "bots": [],
        "humans": []
    },
    "946707483492249656": {
        "bots": [],
        "humans": []
    },
    "1076182382635405362": {
        "bots": [],
        "humans": []
    },
    "963384250235764756": {
        "bots": [],
        "humans": []
    },
    "1038777165958893568": {
        "bots": [],
        "humans": []
    },
    "979463415909208114": {
        "bots": [],
        "humans": []
    },
    "1031912659483893812": {
        "bots": [],
        "humans": []
    },
    "525370590413062144": {
        "bots": [],
        "humans": []
    },
    "1038777215715905556": {
        "bots": [],
        "humans": []
    },
    "1073924866782281818": {
        "bots": [],
        "humans": []
    },
    "1058448070070784100": {
        "bots": [],
        "humans": []
    },
    "794809225996927046": {
        "bots": [],
        "humans": []
    },
    "1069270872071880815": {
        "bots": [],
        "humans": []
    },
    "1058448160076345434": {
        "bots": [],
        "humans": []
    },
    "1036139370278830151": {
        "bots": [],
        "humans": []
    },
    "1034509828644687912": {
        "bots": [],
        "humans": []
    },
    "1064594687245160458": {
        "bots": [],
        "humans": []
    },
    "1059545931118280786": {
        "bots": [],
        "humans": []
    },
    "1051201947157418094": {
        "bots": [],
        "humans": []
    },
    "1058446109313351770": {
        "bots": [],
        "humans": []
    },
    "1058444882768830557": {
        "bots": [],
        "humans": []
    },
    "865535120046686208": {
        "bots": [],
        "humans": []
    },
    "1093760652885118976": {
        "bots": [],
        "humans": []
    },
    "1073486337732268092": {
        "bots": [],
        "humans": []
    },
    "1099913622244835358": {
        "bots": [],
        "humans": []
    },
    "1098374251293192273": {
        "bots": [],
        "humans": []
    },
    "1091851626861576272": {
        "bots": [],
        "humans": []
    },
    "1092052613840777298": {
        "bots": [],
        "humans": []
    },
    "1089201476238315681": {
        "bots": [],
        "humans": []
    },
    "862802478055161856": {
        "bots": [],
        "humans": []
    },
    "787725745723408455": {
        "bots": [],
        "humans": []
    },
    "1092575148747534356": {
        "bots": [],
        "humans": []
    },
    "1092482718681530459": {
        "bots": [],
        "humans": []
    },
    "1049603494803415070": {
        "bots": [],
        "humans": []
    },
    "1051560070183391285": {
        "bots": [],
        "humans": []
    },
    "1103732005566431286": {
        "bots": [],
        "humans": []
    },
    "1075500670557360239": {
        "bots": [],
        "humans": []
    },
    "1069566214482968606": {
        "bots": [],
        "humans": []
    },
    "878574136421646376": {
        "bots": [],
        "humans": []
    },
    "949403727306039296": {
        "bots": [],
        "humans": []
    },
    "1058448114291314739": {
        "bots": [],
        "humans": []
    },
    "1059870412500107485": {
        "bots": [],
        "humans": []
    },
    "1080557560467296417": {
        "bots": [],
        "humans": []
    },
    "1104424191937220700": {
        "bots": [],
        "humans": []
    },
    "1038777098996826153": {
        "bots": [],
        "humans": []
    },
    "1038777258174857246": {
        "bots": [],
        "humans": []
    },
    "1012041054217838762": {
        "bots": [],
        "humans": []
    },
    "908570319764217886": {
        "bots": [],
        "humans": []
    },
    "1058446134462386236": {
        "bots": [],
        "humans": []
    },
    "1058444860341887068": {
        "bots": [],
        "humans": []
    },
    "1058448091965050970": {
        "bots": [],
        "humans": []
    },
    "978666102173352038": {
        "bots": [],
        "humans": []
    },
    "978537738078916628": {
        "bots": [],
        "humans": []
    },
    "1105873838903926844": {
        "bots": [],
        "humans": []
    },
    "1105874135432843365": {
        "bots": [],
        "humans": []
    },
    "1082961641890660382": {
        "bots": [],
        "humans": []
    },
    "1092255495991087134": {
        "bots": [],
        "humans": []
    },
    "1090398505689952326": {
        "bots": [],
        "humans": []
    },
    "1081165939271278623": {
        "bots": [],
        "humans": []
    },
    "1092580907342385245": {
        "bots": [],
        "humans": []
    },
    "1075785963864858714": {
        "bots": [],
        "humans": []
    },
    "1037474891143843911": {
        "bots": [],
        "humans": []
    },
    "1092581086695006290": {
        "bots": [],
        "humans": []
    },
    "1103886340686360647": {
        "bots": [],
        "humans": []
    },
    "1073619247797899304": {
        "bots": [],
        "humans": []
    },
    "858961454391754772": {
        "bots": [],
        "humans": []
    },
    "846438917418909786": {
        "bots": [],
        "humans": []
    },
    "1066251706444300358": {
        "bots": [],
        "humans": []
    },
    "1105257675106811937": {
        "bots": [],
        "humans": []
    },
    "793926948921278474": {
        "bots": [],
        "humans": []
    },
    "706508938958471209": {
        "bots": [],
        "humans": []
    },
    "827804745673867264": {
        "bots": [],
        "humans": []
    },
    "771388724734066768": {
        "bots": [],
        "humans": []
    },
    "1015673380130803712": {
        "bots": [],
        "humans": []
    },
    "898181694060912662": {
        "bots": [],
        "humans": []
    },
    "829705699398778900": {
        "bots": [],
        "humans": []
    }
}